TAZ,UNIV,ACRES
1,0,155
2,0,518
3,0,2146
4,0,683
5,0,359
6,0,21
7,0,434
8,0,496
9,0,179
10,0,431
11,0,237
12,0,198
13,0,1085
14,0,50
15,0,123
16,0,1133
17,0,1042
18,0,831
19,0,757
20,0,682
21,0,514
22,0,1426
23,0,415
24,0,359
25,0,835
26,0,1532
27,0,944
28,0,571
29,0,121
30,0,1972
31,0,719
32,0,1408
33,0,973
34,0,754
35,0,691
36,0,834
37,0,209
38,0,407
39,0,615
40,0,666
41,0,463
42,0,62
43,0,71
44,0,383
45,0,494
46,0,51
47,0,30
48,0,765
49,0,296
50,0,808
51,0,381
52,0,743
53,0,424
54,0,190
55,0,347
56,177,217
57,0,48
58,0,455
59,0,136
60,0,129
61,0,516
62,0,279
63,0,284
64,0,144
65,0,54
66,0,100
67,0,112
68,0,244
69,0,251
70,1087,328
71,0,194
72,0,103
73,0,235
74,0,27
75,0,345
76,0,186
77,0,605
78,0,57
79,0,115
80,0,162
81,0,104
82,0,420
83,0,339
84,0,299
85,0,377
86,0,211
87,0,580
88,0,510
89,0,1042
90,0,1125
91,0,383
92,0,412
93,0,667
94,0,924
95,0,509
96,0,194
97,0,1605
98,0,1455
99,0,526
100,0,455
101,0,962
102,594,146
103,0,506
104,0,686
105,0,302
106,0,682
107,0,523
108,0,858
109,0,614
110,0,370
111,0,1100
112,0,312
113,0,205
114,0,341
115,0,421
116,0,308
117,0,406
118,0,151
119,0,321
120,0,317
121,0,653
122,3059,400
123,0,358
124,0,801
125,0,206
126,0,206
127,0,205
128,0,164
129,0,39
130,0,373
131,1195,176
132,0,160
133,0,60
134,0,17
135,0,448
136,0,164
137,0,599
138,0,417
139,0,438
140,0,107
141,0,509
142,0,477
143,0,310
144,0,42
145,0,420
146,0,642
147,0,646
148,0,819
149,0,460
150,0,1360
151,0,45
152,0,886
153,0,194
154,0,538
155,0,465
156,0,580
157,0,134
158,0,101
159,0,549
160,0,138
161,0,185
162,0,91
163,0,176
164,0,88
165,0,232
166,0,209
167,0,153
168,0,670
169,0,1078
170,0,1212
171,0,900
172,0,109
173,0,816
174,0,914
175,0,363
176,0,1015
177,0,1741
178,0,455
179,0,118
180,0,633
181,0,702
182,0,458
183,0,634
184,0,429
185,0,875
186,0,501
187,0,127
188,0,337
189,0,283
190,0,1356
191,0,521
192,0,546
193,0,646
194,0,268
195,0,270
196,0,262
197,0,1557
198,0,964
199,0,338
200,0,166
201,0,185
202,958,135
203,0,31
204,0,119
205,0,56
206,0,371
207,0,107
208,4763,81
209,0,33
210,0,96
211,0,119
212,0,150
213,0,100
214,0,222
215,0,629
216,0,534
217,0,313
218,0,52
219,0,847
220,0,447
221,0,263
222,0,79
223,0,412
224,130,223
225,0,200
226,0,11
227,0,16
228,0,719
229,0,66
230,0,56
231,0,99
232,0,19
233,0,28
234,0,33
235,0,23
236,0,25
237,0,21
238,0,36
239,0,58
240,0,399
241,0,88
242,0,30
243,2216,178
244,757,42
245,0,50
246,492,79
247,1345,38
248,0,93
249,0,59
250,0,159
251,0,41
252,0,116
253,0,2
254,0,26
255,0,342
256,0,106
257,0,46
258,0,31
259,0,145
260,0,61
261,0,263
262,353,186
263,0,117
264,0,126
265,0,47
266,0,343
267,0,418
268,0,444
269,0,60
270,0,88
271,2320,457
272,0,159
273,0,338
274,0,1013
275,0,724
276,0,382
277,0,54
278,0,108
279,0,219
280,0,192
281,0,693
282,0,101
283,0,210
284,0,39
285,0,419
286,0,65
287,0,55
288,0,20
289,0,77
290,0,188
291,0,37
292,0,95
293,0,678
294,0,173
295,0,332
296,0,46
297,0,54
298,0,76
299,0,77
300,0,282
301,0,465
302,151,177
303,1345,85
304,0,203
305,0,335
306,0,209
307,0,528
308,0,690
309,0,169
310,0,617
311,0,960
312,0,282
313,0,515
314,0,242
315,0,300
316,0,931
317,0,181
318,0,230
319,0,406
320,0,413
321,0,61
322,0,73
323,0,63
324,0,27
325,0,140
326,0,128
327,0,105
328,0,411
329,0,53
330,0,301
331,0,117
332,0,149
333,0,185
334,0,218
335,0,139
336,0,577
337,0,84
338,0,52
339,0,82
340,0,244
341,0,69
342,0,56
343,0,216
344,0,123
345,0,293
346,440,88
347,353,93
348,0,113
349,0,38
350,0,476
351,0,56
352,0,129
353,0,106
354,0,34
355,0,118
356,0,44
357,0,68
358,263,72
359,0,142
360,0,133
361,0,170
362,0,161
363,0,135
364,0,212
365,0,51
366,91,208
367,0,39
368,0,178
369,0,135
370,0,106
371,0,235
372,0,201
373,243,39
374,0,71
375,0,160
376,0,121
377,0,36
378,0,96
379,0,79
380,0,70
381,0,192
382,0,106
383,0,149
384,0,132
385,0,219
386,0,181
387,0,58
388,0,163
389,0,233
390,0,32
391,0,131
392,0,156
393,0,75
394,0,83
395,0,47
396,0,55
397,0,231
398,0,139
399,0,446
400,0,993
401,0,523
402,0,71
403,0,53
404,0,195
405,0,185
406,0,66
407,0,151
408,0,37
409,0,110
410,0,479
411,0,513
412,0,377
413,0,127
414,0,33
415,0,223
416,0,178
417,0,75
418,0,73
419,0,227
420,0,315
421,0,478
422,0,153
423,0,168
424,0,164
425,0,429
426,0,106
427,0,33
428,0,407
429,0,364
430,0,644
431,0,80
432,0,141
433,0,185
434,0,158
435,0,165
436,0,361
437,0,400
438,0,106
439,0,138
440,0,178
441,0,140
442,0,5
443,0,154
444,0,94
445,0,397
446,0,36
447,0,134
448,0,297
449,0,134
450,0,96
451,0,86
452,0,76
453,0,48
454,0,154
455,0,180
456,0,173
457,0,82
458,0,23
459,0,48
460,0,136
461,0,32
462,0,44
463,0,10
464,0,23
465,0,90
466,0,69
467,760,102
468,0,13
469,0,13
470,0,37
471,0,91
472,0,23
473,0,46
474,0,138
475,0,21
476,0,374
477,201,36
478,0,23
479,0,20
480,0,50
481,0,14
482,0,33
483,0,24
484,21741,146
485,0,25
486,0,82
487,0,21
488,0,27
489,0,24
490,0,4
491,0,6
492,0,11
493,0,18
494,0,18
495,554,25
496,0,98
497,0,79
498,0,3
499,0,20
500,0,22
501,0,48
502,0,16
503,0,51
504,0,15
505,0,29
506,0,19
507,0,18
508,0,41
509,0,73
510,0,18
511,0,91
512,1919,61
513,0,27
514,0,19
515,553,12
516,0,6
517,0,362
518,0,28
519,0,120
520,0,200
521,0,26
522,0,113
523,0,31
524,206,85
525,0,194
526,0,66
527,0,32
528,0,20
529,0,32
530,0,35
531,0,40
532,0,82
533,0,441
534,0,99
535,0,34
536,0,65
537,0,109
538,0,486
539,0,43
540,0,45
541,0,35
542,0,102
543,0,193
544,0,92
545,0,27
546,0,33
547,0,51
548,0,55
549,0,13
550,0,37
551,0,11
552,0,22
553,0,45
554,0,26
555,0,6
556,0,4
557,0,15
558,0,14
559,0,5
560,0,14
561,0,33
562,0,24
563,0,52
564,0,80
565,0,22
566,0,23
567,0,15
568,0,34
569,0,17
570,0,8
571,0,24
572,0,19
573,0,84
574,0,148
575,0,31
576,0,121
577,0,88
578,0,25
579,0,50
580,0,12
581,0,60
582,0,17
583,0,39
584,0,41
585,0,31
586,0,11
587,0,17
588,0,26
589,0,59
590,0,82
591,0,26
592,0,28
593,0,14
594,0,10
595,0,22
596,0,28
597,0,15
598,0,54
599,0,40
600,0,36
601,0,29
602,0,25
603,0,25
604,0,6
605,0,4
606,0,7
607,0,7
608,0,12
609,0,7
610,0,7
611,0,10
612,0,12
613,0,7
614,0,8
615,0,6
616,0,6
617,0,9
618,0,10
619,0,6
620,0,5
621,0,6
622,0,12
623,0,10
624,0,24
625,0,23
626,0,6
627,0,9
628,0,13
629,0,14
630,0,18
631,0,22
632,0,12
633,0,7
634,0,31
635,0,5
636,0,39
637,0,38
638,0,24
639,0,97
640,0,22
641,0,19
642,0,93
643,0,98
644,0,45
645,0,29
646,0,44
647,0,40
648,0,31
649,0,75
650,0,60
651,0,58
652,0,33
653,0,21
654,0,31
655,0,6
656,0,28
657,0,9
658,83,23
659,0,8
660,0,7
661,0,6
662,0,5
663,0,5
664,0,6
665,23737,6
666,0,12
667,0,11
668,0,7
669,0,3
670,0,5
671,0,7
672,0,6
673,0,6
674,0,5
675,0,5
676,0,6
677,0,6
678,0,6
679,0,5
680,0,3
681,0,7
682,1345,4
683,0,4
684,0,4
685,0,2
686,0,2
687,0,1
688,0,5
689,0,4
690,0,4
691,0,8
692,0,5
693,0,11
694,0,5
695,0,3
696,0,6
697,0,3
698,0,5
699,0,4
700,0,2
701,0,5
702,0,5
703,0,5
704,0,6
705,0,6
706,0,5
707,0,5
708,0,5
709,0,7
710,0,2
711,0,3
712,0,3
713,0,4
714,0,6
715,0,4
716,0,13
717,0,7
718,0,6
719,0,8
720,0,7
721,0,8
722,0,10
723,0,13
724,0,7
725,0,5
726,0,7
727,0,14
728,0,9
729,0,6
730,0,8
731,0,8
732,0,41
733,0,33
734,0,34
735,0,48
736,0,13
737,0,24
738,0,3
739,0,7
740,0,5
741,0,5
742,0,18
743,0,11
744,0,19
745,0,13
746,0,22
747,0,6
748,0,7
749,0,6
750,0,5
751,0,5
752,0,6
753,0,9
754,0,4
755,0,24
756,0,7
757,0,5
758,0,5
759,0,12
760,0,13
761,0,9
762,0,17
763,0,4
764,0,8
765,0,5
766,0,5
767,0,5
768,0,6
769,0,5
770,0,5
771,0,6
772,0,3
773,0,8
774,0,8
775,0,6
776,0,5
777,0,5
778,0,5
779,0,30
780,0,17
781,0,10
782,0,9
783,0,54
784,0,30
785,0,31
786,0,28
787,0,119
788,0,30
789,0,67
790,0,33
791,0,15
792,0,30
793,0,10
794,0,21
795,0,22
796,0,47
797,0,22
798,0,14
799,0,48
800,0,111
801,0,35
802,0,15
803,0,41
804,0,10
805,0,41
806,0,10
807,0,18
808,0,25
809,0,61
810,0,135
811,0,9
812,0,38
813,0,27
814,0,50
815,0,25
816,0,36
817,0,17
818,0,12
819,0,12
820,0,22
821,0,31
822,0,246
823,0,100
824,0,104
825,0,62
826,0,15
827,0,34
828,0,12
829,0,15
830,0,149
831,0,26
832,0,105
833,0,23
834,0,64
835,0,14
836,0,138
837,0,138
838,0,68
839,0,41
840,0,10
841,0,51
842,0,110
843,0,55
844,0,16
845,0,25
846,0,46
847,0,84
848,0,56
849,0,100
850,840,89
851,0,63
852,0,131
853,0,122
854,0,17
855,0,455
856,0,54
857,0,252
858,0,163
859,0,47
860,0,188
861,0,75
862,0,58
863,0,58
864,0,271
865,0,34
866,0,103
867,0,28
868,0,5
869,0,139
870,0,233
871,0,85
872,0,250
873,0,304
874,0,198
875,67,269
876,0,247
877,0,109
878,0,119
879,0,41
880,0,151
881,0,132
882,0,98
883,0,162
884,0,66
885,0,314
886,0,179
887,0,86
888,0,217
889,0,60
890,0,68
891,0,182
892,0,324
893,0,246
894,0,266
895,0,221
896,0,227
897,0,42
898,0,24
899,0,216
900,0,140
901,0,47
902,0,34
903,0,69
904,0,156
905,0,204
906,0,207
907,0,182
908,0,182
909,0,168
910,0,186
911,0,109
912,0,333
913,0,245
914,0,115
915,0,79
916,0,91
917,0,218
918,0,109
919,0,22
920,0,99
921,0,79
922,0,48
923,0,68
924,0,56
925,0,50
926,0,80
927,0,175
928,0,66
929,0,29
930,0,86
931,0,95
932,0,108
933,0,274
934,7812,282
935,0,103
936,0,151
937,0,78
938,0,76
939,0,104
940,0,124
941,0,79
942,0,22
943,0,43
944,0,114
945,0,154
946,0,51
947,0,52
948,0,18
949,0,22
950,0,22
951,0,35
952,0,33
953,0,55
954,0,30
955,0,13
956,0,31
957,0,50
958,0,18
959,2527,72
960,0,18
961,0,23
962,0,14
963,0,7
964,0,8
965,0,41
966,0,31
967,0,17
968,0,10
969,0,13
970,0,25
971,0,24
972,885,41
973,4035,10
974,0,10
975,2395,31
976,0,35
977,0,31
978,0,152
979,0,29
980,0,25
981,0,44
982,0,71
983,0,83
984,0,59
985,0,32
986,0,23
987,0,76
988,0,171
989,0,68
990,0,13
991,0,73
992,0,158
993,0,133
994,0,31
995,0,63
996,0,81
997,0,474
998,0,100
999,0,206
1000,0,95
1001,0,220
1002,0,60
1003,0,372
1004,0,406
1005,0,223
1006,0,668
1007,0,100
1008,0,383
1009,0,88
1010,0,34
1011,0,369
1012,0,123
1013,0,21
1014,0,170
1015,0,61
1016,0,173
1017,0,291
1018,0,182
1019,0,295
1020,0,99
1021,0,504
1022,0,313
1023,0,103
1024,0,189
1025,0,110
1026,0,148
1027,0,127
1028,0,214
1029,0,35
1030,0,105
1031,0,88
1032,0,113
1033,0,224
1034,0,291
1035,0,619
1036,0,231
1037,0,133
1038,0,322
1039,0,603
1040,0,135
1041,0,32
1042,0,326
1043,0,1038
1044,0,456
1045,0,481
1046,0,332
1047,0,849
1048,0,283
1049,176,1574
1050,0,327
1051,0,419
1052,0,94
1053,0,606
1054,0,110
1055,0,156
1056,0,105
1057,0,242
1058,0,1828
1059,0,102
1060,0,181
1061,0,127
1062,0,47
1063,0,285
1064,0,120
1065,0,65
1066,0,152
1067,0,141
1068,0,176
1069,430,118
1070,0,44
1071,0,125
1072,0,70
1073,0,186
1074,0,241
1075,0,615
1076,0,241
1077,0,335
1078,0,650
1079,0,182
1080,0,276
1081,0,37
1082,0,28
1083,0,190
1084,0,524
1085,0,53
1086,0,117
1087,0,439
1088,0,43
1089,0,150
1090,0,128
1091,0,130
1092,0,190
1093,0,67
1094,1110,105
1095,0,241
1096,0,87
1097,0,432
1098,0,60
1099,0,56
1100,0,26
1101,0,398
1102,0,404
1103,0,131
1104,0,189
1105,0,358
1106,0,74
1107,0,40
1108,0,191
1109,0,44
1110,0,17
1111,0,41
1112,0,38
1113,0,383
1114,0,21
1115,0,58
1116,0,616
1117,0,50
1118,0,34
1119,0,79
1120,0,70
1121,0,18
1122,0,202
1123,0,102
1124,0,342
1125,0,42
1126,0,62
1127,0,237
1128,0,208
1129,0,375
1130,0,260
1131,0,165
1132,0,61
1133,0,635
1134,0,40
1135,0,327
1136,0,281
1137,0,97
1138,0,54
1139,0,24
1140,0,89
1141,0,16
1142,0,11
1143,0,36
1144,0,39
1145,0,638
1146,0,157
1147,0,140
1148,0,498
1149,0,203
1150,0,44
1151,0,36
1152,0,449
1153,0,555
1154,0,67
1155,0,225
1156,0,133
1157,0,193
1158,0,153
1159,0,65
1160,0,293
1161,0,214
1162,0,108
1163,0,1578
1164,0,86
1165,0,205
1166,0,143
1167,0,655
1168,0,518
1169,0,135
1170,0,601
1171,0,1170
1172,0,584
1173,0,139
1174,0,1025
1175,0,551
1176,0,323
1177,0,642
1178,0,1396
1179,0,683
1180,0,244
1181,0,934
1182,0,1626
1183,0,1161
1184,0,482
1185,0,546
1186,0,99
1187,0,1127
1188,0,520
1189,0,218
1190,0,825
1191,0,78
1192,0,95
1193,0,830
1194,0,152
1195,0,661
1196,0,914
1197,0,754
1198,0,401
1199,0,1130
1200,0,1222
1201,0,648
1202,0,105
1203,0,380
1204,0,3152
1205,1261,344
1206,0,327
1207,0,1002
1208,0,47
1209,0,387
1210,0,381
1211,0,125
1212,0,464
1213,0,1120
1214,0,1543
1215,0,1389
1216,0,83
1217,0,701
1218,0,178
1219,0,1136
1220,0,1498
1221,0,974
1222,0,354
1223,0,171
1224,0,1268
1225,0,244
1226,0,743
1227,0,983
1228,0,739
1229,0,1050
1230,0,831
1231,0,754
1232,0,49
1233,0,1678
1234,0,359
1235,0,1896
1236,0,449
1237,0,330
1238,0,1150
1239,0,506
1240,0,1172
1241,0,479
1242,0,465
1243,0,843
1244,0,1579
1245,0,2126
1246,0,2721
1247,0,1759
1248,0,990
1249,0,1201
1250,0,1144
1251,0,393
1252,0,597
1253,0,2244
1254,0,937
1255,0,553
1256,0,1382
1257,0,1884
1258,0,2600
1259,0,1141
1260,0,602
1261,0,1273
1262,0,433
1263,0,433
1264,0,869
1265,0,1394
1266,0,571
1267,0,1346
1268,0,104
1269,0,467
1270,0,535
1271,0,806
1272,0,165
1273,0,255
1274,0,463
1275,0,1286
1276,0,1313
1277,0,1514
1278,0,997
1279,0,62
1280,0,2469
1281,0,164
1282,0,1054
1283,0,1796
1284,0,2560
1285,0,2247
1286,0,3916
1287,0,3356
1288,0,1275
1289,0,2151
1290,0,322
1291,0,433
1292,0,3278
1293,0,2076
1294,0,2856
1295,0,1795
1296,0,986
1297,0,274
1298,0,470
1299,0,33
1300,0,1359
1301,0,192
1302,0,286
1303,9582,446
1304,0,326
1305,0,322
1306,0,298
1307,0,415
1308,0,466
1309,0,65
1310,0,613
1311,0,414
1312,0,31
1313,0,398
1314,0,124
1315,141,146
1316,136,601
1317,151,296
1318,0,116
1319,0,63
1320,0,248
1321,0,97
1322,0,64
1323,0,112
1324,0,102
1325,0,122
1326,0,326
1327,0,158
1328,0,303
1329,0,264
1330,0,465
1331,0,149
1332,0,37
1333,0,49
1334,0,264
1335,0,264
1336,0,36
1337,0,75
1338,0,24
1339,0,51
1340,0,135
1341,0,118
1342,0,105
1343,0,102
1344,0,172
1345,0,182
1346,0,120
1347,0,28
1348,0,55
1349,0,267
1350,0,491
1351,0,218
1352,0,222
1353,0,811
1354,1088,187
1355,2407,200
1356,0,213
1357,0,250
1358,0,35
1359,0,4
1360,0,412
1361,0,651
1362,0,54
1363,0,69
1364,0,213
1365,0,289
1366,0,16
1367,0,75
1368,0,239
1369,0,56
1370,0,147
1371,0,30
1372,0,34
1373,0,142
1374,0,85
1375,0,32
1376,0,216
1377,0,192
1378,0,239
1379,0,272
1380,202,213
1381,0,463
1382,0,154
1383,0,104
1384,0,64
1385,0,387
1386,0,43
1387,0,174
1388,0,755
1389,0,5
1390,0,28
1391,256,173
1392,0,57
1393,0,28
1394,0,103
1395,0,19
1396,0,240
1397,0,143
1398,0,493
1399,0,43
1400,0,81
1401,353,42
1402,0,69
1403,0,223
1404,0,167
1405,0,164
1406,77,284
1407,0,234
1408,0,289
1409,0,79
1410,0,66
1411,0,364
1412,0,285
1413,0,20
1414,0,132
1415,0,225
1416,0,101
1417,0,32
1418,0,273
1419,0,217
1420,0,27
1421,0,223
1422,0,37
1423,0,156
1424,0,306
1425,0,68
1426,0,293
1427,4263,438
1428,0,38
1429,0,432
1430,0,281
1431,0,660
1432,0,37
1433,0,156
1434,0,431
1435,0,8
1436,0,684
1437,0,610
1438,0,268
1439,0,304
1440,0,92
1441,0,219
1442,479,204
1443,0,63
1444,0,217
1445,0,174
1446,0,228
1447,0,260
1448,0,301
1449,0,78
1450,0,452
1451,0,159
1452,0,364
1453,0,64
1454,0,464
1455,0,514
1456,1273,126
1457,0,268
1458,0,368
1459,0,27
1460,0,28
1461,0,105
1462,419,220
1463,0,41
1464,0,448
1465,0,278
1466,0,326
1467,0,264
1468,0,59
1469,0,48
1470,0,65
1471,0,778
1472,0,336
1473,0,327
1474,0,371
1475,0,109
1476,0,492
1477,0,635
1478,0,702
1479,0,125
1480,0,1229
1481,0,850
1482,0,354
1483,0,413
1484,0,2623
1485,0,153
1486,0,618
1487,0,378
1488,0,540
1489,0,944
1490,0,74
1491,0,136
1492,0,135
1493,0,57
1494,0,119
1495,0,365
1496,0,405
1497,0,359
1498,41,331
1499,0,163
1500,0,172
1501,0,567
1502,0,54
1503,0,177
1504,0,458
1505,0,455
1506,0,129
1507,0,304
1508,0,15
1509,0,282
1510,0,113
1511,0,90
1512,0,358
1513,0,312
1514,0,212
1515,0,186
1516,0,178
1517,0,338
1518,0,220
1519,0,281
1520,0,299
1521,0,55
1522,0,65
1523,0,240
1524,12003,146
1525,0,276
1526,0,66
1527,0,21
1528,0,70
1529,0,189
1530,0,143
1531,0,174
1532,0,224
1533,0,44
1534,0,158
1535,0,44
1536,0,281
1537,0,106
1538,0,59
1539,0,29
1540,0,33
1541,0,52
1542,0,40
1543,0,62
1544,0,40
1545,0,13
1546,0,25
1547,0,26
1548,0,787
1549,0,77
1550,0,432
1551,0,269
1552,0,242
1553,0,507
1554,0,377
1555,0,194
1556,0,594
1557,0,860
1558,0,355
1559,0,560
1560,0,299
1561,0,568
1562,0,82
1563,0,479
1564,0,75
1565,0,169
1566,0,268
1567,0,66
1568,0,240
1569,0,57
1570,0,99
1571,0,60
1572,0,118
1573,0,32
1574,0,436
1575,0,264
1576,0,140
1577,0,57
1578,0,17
1579,0,271
1580,0,143
1581,0,94
1582,0,87
1583,14360,180
1584,0,104
1585,0,38
1586,0,142
1587,0,35
1588,0,70
1589,0,111
1590,0,164
1591,0,35
1592,0,129
1593,0,176
1594,0,14
1595,0,327
1596,0,269
1597,0,26
1598,0,63
1599,0,49
1600,0,102
1601,0,9
1602,0,17
1603,0,214
1604,0,26
1605,3530,11
1606,0,37
1607,0,13
1608,0,256
1609,0,25
1610,0,114
1611,0,28
1612,0,47
1613,0,167
1614,0,176
1615,0,39
1616,0,23
1617,0,56
1618,0,132
1619,353,17
1620,0,10
1621,0,11
1622,0,20
1623,0,43
1624,0,47
1625,403,322
1626,0,76
1627,0,109
1628,912,69
1629,0,363
1630,0,114
1631,0,80
1632,0,39
1633,0,41
1634,0,19
1635,0,25
1636,0,43
1637,0,59
1638,0,81
1639,0,48
1640,0,72
1641,0,111
1642,0,22
1643,0,20
1644,0,22
1645,0,90
1646,0,69
1647,0,41
1648,0,202
1649,0,32
1650,0,186
1651,0,126
1652,0,183
1653,0,62
1654,0,10
1655,0,18
1656,0,43
1657,0,109
1658,0,124
1659,0,24
1660,0,80
1661,0,88
1662,0,67
1663,0,72
1664,0,139
1665,0,28
1666,0,63
1667,0,54
1668,0,62
1669,0,37
1670,0,20
1671,0,76
1672,0,29
1673,0,107
1674,0,104
1675,0,135
1676,0,42
1677,0,69
1678,0,49
1679,0,83
1680,0,180
1681,0,18
1682,0,70
1683,0,35
1684,0,280
1685,0,27
1686,0,31
1687,0,19
1688,0,241
1689,0,534
1690,0,527
1691,0,353
1692,0,234
1693,0,71
1694,0,124
1695,0,468
1696,0,582
1697,0,324
1698,0,226
1699,0,222
1700,0,410
1701,0,303
1702,0,286
1703,0,26
1704,0,117
1705,0,339
1706,0,47
1707,0,81
1708,0,176
1709,0,129
1710,0,80
1711,0,174
1712,0,182
1713,0,444
1714,0,433
1715,0,93
1716,0,153
1717,0,257
1718,0,166
1719,0,58
1720,0,123
1721,0,75
1722,0,49
1723,0,149
1724,0,393
1725,0,225
1726,0,142
1727,0,171
1728,0,96
1729,0,216
1730,0,256
1731,0,220
1732,0,169
1733,0,488
1734,0,68
1735,0,68
1736,0,289
1737,0,143
1738,0,210
1739,0,146
1740,0,16
1741,0,65
1742,0,153
1743,0,149
1744,0,75
1745,0,364
1746,0,62
1747,0,195
1748,0,380
1749,0,547
1750,0,466
1751,0,114
1752,0,33
1753,0,167
1754,0,50
1755,0,351
1756,0,31
1757,0,71
1758,0,352
1759,0,241
1760,0,37
1761,0,74
1762,0,84
1763,0,384
1764,105,375
1765,0,110
1766,0,140
1767,0,292
1768,0,293
1769,0,85
1770,0,171
1771,0,618
1772,0,162
1773,0,749
1774,0,137
1775,0,50
1776,0,103
1777,1728,393
1778,0,205
1779,0,496
1780,0,969
1781,0,826
1782,0,714
1783,0,956
1784,0,427
1785,0,155
1786,0,237
1787,0,348
1788,0,681
1789,0,457
1790,0,780
1791,0,254
1792,0,616
1793,0,433
1794,0,444
1795,0,494
1796,0,157
1797,0,169
1798,0,91
1799,214,106
1800,0,619
1801,0,887
1802,0,607
1803,0,141
1804,0,72
1805,0,188
1806,0,325
1807,0,489
1808,0,468
1809,0,342
1810,0,537
1811,0,416
1812,0,121
1813,0,424
1814,0,580
1815,0,91
1816,0,536
1817,0,887
1818,0,36
1819,0,851
1820,0,743
1821,0,1229
1822,0,956
1823,0,788
1824,0,437
1825,0,228
1826,0,472
1827,0,35
1828,0,308
1829,0,436
1830,0,147
1831,0,1581
1832,0,604
1833,0,2223
1834,0,236
1835,0,261
1836,0,792
1837,0,205
1838,0,1019
1839,0,755
1840,0,531
1841,0,477
1842,0,1467
1843,0,168
1844,0,214
1845,0,13
1846,0,39
1847,0,63
1848,0,145
1849,1319,95
1850,0,1062
1851,0,959
1852,0,197
1853,0,339
1854,934,345
1855,0,246
1856,0,160
1857,0,1762
1858,0,735
1859,0,1136
1860,0,706
1861,0,1468
1862,0,945
1863,0,853
1864,0,1452
1865,0,771
1866,0,360
1867,0,1083
1868,0,850
1869,0,264
1870,0,244
1871,0,263
1872,0,220
1873,0,509
1874,0,14
1875,0,85
1876,0,765
1877,0,438
1878,0,471
1879,0,437
1880,0,399
1881,0,724
1882,0,112
1883,0,446
1884,0,31
1885,0,319
1886,0,607
1887,0,192
1888,0,85
1889,0,119
1890,0,167
1891,0,77
1892,0,255
1893,0,78
1894,0,334
1895,0,591
1896,0,627
1897,0,332
1898,0,310
1899,0,593
1900,0,346
1901,0,526
1902,0,313
1903,0,769
1904,0,296
1905,0,483
1906,0,448
1907,0,1060
1908,0,324
1909,0,421
1910,0,736
1911,0,294
1912,0,718
1913,0,565
1914,0,291
1915,0,85
1916,0,115
1917,0,314
1918,0,178
1919,0,251
1920,0,20
1921,0,95
1922,0,111
1923,0,144
1924,0,121
1925,0,59
1926,0,152
1927,0,19
1928,0,250
1929,0,299
1930,0,312
1931,4035,676
1932,0,237
1933,0,88
1934,0,345
1935,0,290
1936,0,254
1937,0,456
1938,0,246
1939,0,211
1940,0,1042
1941,0,1052
1942,0,269
1943,0,259
1944,0,203
1945,0,119
1946,0,587
1947,0,71
1948,0,290
1949,0,611
1950,0,51
1951,0,108
1952,0,457
1953,0,395
1954,0,138
1955,0,91
1956,0,623
1957,0,829
1958,0,50
1959,0,70
1960,0,106
1961,0,116
1962,0,137
1963,0,689
1964,0,658
1965,0,472
1966,0,696
1967,0,328
1968,0,50
1969,0,524
1970,0,155
1971,0,415
1972,0,391
1973,0,59
1974,0,120
1975,0,638
1976,0,565
1977,0,49
1978,0,759
1979,0,232
1980,0,88
1981,0,209
1982,0,202
1983,0,120
1984,0,310
1985,0,371
1986,0,45
1987,0,175
1988,0,87
1989,0,168
1990,0,68
1991,0,163
1992,0,392
1993,0,188
1994,0,80
1995,0,138
1996,0,69
1997,0,133
1998,0,54
1999,0,693
2000,0,309
2001,0,340
2002,0,59
2003,24818,789
2004,0,385
2005,63,454
2006,0,188
2007,0,87
2008,0,76
2009,0,120
2010,410,473
2011,0,168
2012,0,584
2013,0,695
2014,0,438
2015,0,730
2016,0,448
2017,0,699
2018,0,528
2019,0,236
2020,0,1333
2021,0,329
2022,0,727
2023,0,1044
2024,0,600
2025,0,675
2026,0,1365
2027,0,1708
2028,0,1149
2029,0,361
2030,0,507
2031,0,568
2032,0,1200
2033,0,903
2034,0,885
2035,0,583
2036,0,75
2037,0,702
2038,0,190
2039,0,178
2040,0,234
2041,0,507
2042,0,290
2043,0,850
2044,0,290
2045,0,428
2046,0,472
2047,0,1053
2048,0,740
2049,0,912
2050,0,1087
2051,0,720
2052,0,436
2053,0,451
2054,0,404
2055,0,745
2056,0,375
2057,0,1307
2058,0,1344
2059,0,398
2060,0,922
2061,0,582
2062,0,586
2063,0,610
2064,0,626
2065,0,899
2066,0,1524
2067,0,1096
2068,0,613
2069,0,1025
2070,0,1072
2071,0,503
2072,0,926
2073,0,425
2074,0,669
2075,0,445
2076,0,772
2077,0,557
2078,0,597
2079,0,492
2080,0,88
2081,0,108
2082,0,237
2083,0,132
2084,0,514
2085,0,667
2086,0,251
2087,0,991
2088,0,263
2089,0,239
2090,0,1410
2091,0,985
2092,0,576
2093,0,998
2094,0,568
2095,0,486
2096,0,393
2097,0,869
2098,0,635
2099,0,405
2100,0,163
2101,0,405
2102,0,88
2103,0,156
2104,0,139
2105,0,222
2106,0,442
2107,0,209
2108,0,460
2109,0,451
2110,0,340
2111,0,117
2112,0,502
2113,0,452
2114,0,97
2115,0,483
2116,0,394
2117,0,354
2118,0,52
2119,0,699
2120,0,379
2121,0,298
2122,0,521
2123,0,607
2124,0,521
2125,0,841
2126,0,1121
2127,0,1574
2128,0,647
2129,0,1163
2130,0,498
2131,0,490
2132,0,661
2133,0,868
2134,0,303
2135,0,1011
2136,0,971
2137,0,592
2138,0,535
2139,0,245
2140,0,472
2141,0,506
2142,0,1405
2143,0,1243
2144,0,640
2145,0,575
2146,0,298
2147,0,844
2148,0,786
2149,0,8
2150,0,7
2151,0,13
2152,0,285
2153,0,25
2154,0,55
2155,5653,80
2156,0,296
2157,0,224
2158,0,228
2159,0,92
2160,0,327
2161,0,327
2162,0,252
2163,0,241
2164,0,2739
2165,0,194
2166,0,101
2167,10051,400
2168,0,92
2169,0,145
2170,0,61
2171,0,206
2172,0,392
2173,0,272
2174,0,56
2175,0,25
2176,0,29
2177,0,118
2178,0,51
2179,0,164
2180,0,47
2181,0,112
2182,0,190
2183,0,49
2184,0,73
2185,0,108
2186,0,215
2187,0,44
2188,0,211
2189,0,15
2190,0,36
2191,0,9
2192,0,11
2193,0,6
2194,0,3
2195,0,16
2196,0,247
2197,0,975
2198,0,1932
2199,0,329
2200,0,476
2201,0,637
2202,157,161
2203,0,715
2204,0,210
2205,0,471
2206,0,639
2207,0,292
2208,0,79
2209,0,260
2210,0,36
2211,0,667
2212,0,518
2213,0,191
2214,0,154
2215,0,316
2216,0,284
2217,0,259
2218,0,449
2219,0,841
2220,0,580
2221,0,26
2222,1117,492
2223,0,881
2224,0,686
2225,0,119
2226,0,495
2227,0,104
2228,0,45
2229,0,681
2230,0,298
2231,0,216
2232,0,401
2233,0,276
2234,0,406
2235,0,333
2236,0,134
2237,0,367
2238,0,178
2239,0,517
2240,0,923
2241,0,1584
2242,0,116
2243,0,74
2244,0,685
2245,0,501
2246,0,277
2247,0,476
2248,0,388
2249,0,649
2250,0,229
2251,0,658
2252,0,132
2253,0,265
2254,0,331
2255,0,604
2256,0,575
2257,0,739
2258,0,264
2259,0,341
2260,0,964
2261,0,377
2262,0,802
2263,0,715
2264,0,902
2265,0,129
2266,0,296
2267,0,72
2268,0,460
2269,0,540
2270,0,601
2271,0,455
2272,0,1129
2273,0,623
2274,0,373
2275,0,256
2276,0,214
2277,0,243
2278,0,1182
2279,0,490
2280,0,57
2281,0,33
2282,0,129
2283,0,43
2284,0,60
2285,73,493
2286,0,109
2287,0,458
2288,0,496
2289,0,291
2290,0,616
2291,0,693
2292,0,432
2293,0,786
2294,0,918
2295,0,67
2296,0,1156
2297,0,1007
2298,0,858
2299,0,1092
2300,0,374
2301,0,673
2302,0,761
2303,0,24
2304,0,480
2305,0,588
2306,0,114
2307,0,212
2308,0,352
2309,0,312
2310,217,311
2311,247,184
2312,0,496
2313,0,155
2314,325,456
2315,0,196
2316,0,160
2317,0,45
2318,0,542
2319,0,1080
2320,0,103
2321,0,1092
2322,934,612
2323,0,41
2324,0,39
2325,0,163
2326,0,23
2327,0,55
2328,0,55
2329,151,138
2330,0,158
2331,0,87
2332,579,239
2333,0,62
2334,0,39
2335,0,215
2336,0,262
2337,0,315
2338,297,262
2339,0,277
2340,0,134
2341,0,177
2342,0,177
2343,0,342
2344,659,152
2345,0,512
2346,0,34
2347,0,31
2348,0,10
2349,0,184
2350,0,552
2351,0,16
2352,0,106
2353,0,41
2354,0,322
2355,0,93
2356,0,39
2357,0,20
2358,0,184
2359,0,209
2360,0,309
2361,0,518
2362,0,269
2363,0,58
2364,0,45
2365,0,186
2366,0,118
2367,0,97
2368,0,335
2369,0,68
2370,0,62
2371,0,242
2372,0,113
2373,0,406
2374,0,242
2375,0,113
2376,0,231
2377,0,641
2378,0,172
2379,0,378
2380,0,111
2381,0,84
2382,0,95
2383,0,35
2384,0,42
2385,0,144
2386,0,96
2387,0,24
2388,0,45
2389,0,62
2390,0,55
2391,0,207
2392,0,42
2393,0,540
2394,0,1009
2395,0,411
2396,0,72
2397,0,295
2398,0,373
2399,0,497
2400,0,326
2401,0,32
2402,0,60
2403,0,380
2404,0,205
2405,0,94
2406,0,300
2407,0,252
2408,0,262
2409,0,478
2410,0,115
2411,0,219
2412,0,218
2413,0,143
2414,0,360
2415,0,105
2416,0,50
2417,0,335
2418,0,260
2419,0,961
2420,0,698
2421,0,258
2422,0,390
2423,0,202
2424,0,561
2425,0,49
2426,0,86
2427,0,123
2428,0,181
2429,0,250
2430,0,85
2431,0,62
2432,0,142
2433,0,406
2434,0,180
2435,0,168
2436,0,421
2437,0,547
2438,0,117
2439,0,337
2440,0,43
2441,0,155
2442,0,115
2443,0,157
2444,0,231
2445,0,299
2446,0,164
2447,0,522
2448,0,418
2449,0,117
2450,0,355
2451,0,67
2452,0,451
2453,0,642
2454,0,670
2455,0,156
2456,0,429
2457,0,168
2458,0,777
2459,0,786
2460,0,524
2461,0,301
2462,0,27
2463,0,459
2464,0,56
2465,0,53
2466,0,340
2467,370,467
2468,0,278
2469,0,129
2470,0,166
2471,0,625
2472,0,388
2473,0,104
2474,0,453
2475,0,555
2476,0,859
2477,0,68
2478,0,85
2479,0,214
2480,0,129
2481,0,234
2482,0,671
2483,0,243
2484,0,500
2485,0,330
2486,0,372
2487,0,84
2488,0,62
2489,0,694
2490,0,333
2491,0,263
2492,0,392
2493,0,123
2494,0,181
2495,0,107
2496,0,168
2497,0,813
2498,0,726
2499,0,784
2500,0,263
2501,0,304
2502,0,848
2503,0,938
2504,0,637
2505,0,366
2506,0,438
2507,0,497
2508,0,139
2509,0,513
2510,0,184
2511,0,225
2512,0,97
2513,0,138
2514,0,73
2515,0,226
2516,201,306
2517,0,639
2518,0,656
2519,0,226
2520,0,1070
2521,0,1285
2522,0,999
2523,0,106
2524,0,301
2525,0,1259
2526,0,516
2527,0,325
2528,0,121
2529,0,142
2530,0,660
2531,0,49
2532,0,761
2533,0,281
2534,0,270
2535,0,189
2536,0,1368
2537,0,391
2538,0,762
2539,0,96
2540,0,134
2541,0,787
2542,0,39
2543,0,38
2544,0,52
2545,0,114
2546,0,313
2547,0,82
2548,425,577
2549,0,153
2550,0,263
2551,0,155
2552,0,56
2553,0,604
2554,0,811
2555,0,468
2556,0,599
2557,0,406
2558,0,85
2559,0,170
2560,0,393
2561,0,148
2562,0,102
2563,0,511
2564,0,310
2565,0,79
2566,0,501
2567,0,441
2568,0,207
2569,0,59
2570,0,275
2571,0,132
2572,0,70
2573,0,585
2574,0,243
2575,0,277
2576,0,814
2577,0,189
2578,0,431
2579,0,555
2580,0,216
2581,0,1048
2582,0,118
2583,605,317
2584,0,473
2585,0,573
2586,0,252
2587,0,142
2588,0,254
2589,0,27
2590,0,391
2591,0,316
2592,350,358
2593,0,693
2594,0,614
2595,0,46
2596,0,62
2597,0,107
2598,0,508
2599,0,193
2600,0,17
2601,0,390
2602,0,289
2603,0,743
2604,0,369
2605,0,44
2606,0,517
2607,0,202
2608,0,210
2609,0,488
2610,0,592
2611,0,266
2612,0,297
2613,0,457
2614,0,946
2615,0,815
2616,0,1241
2617,0,341
2618,0,288
2619,0,649
2620,0,187
2621,0,997
2622,0,385
2623,0,301
2624,0,694
2625,0,838
2626,0,576
2627,0,139
2628,0,47
2629,0,785
2630,0,67
2631,0,1301
2632,0,196
2633,0,614
2634,0,342
2635,0,1093
2636,0,2097
2637,0,848
2638,0,2083
2639,0,745
2640,0,905
2641,0,672
2642,0,420
2643,0,246
2644,0,618
2645,0,1419
2646,0,405
2647,0,532
2648,0,815
2649,0,305
2650,0,416
2651,0,502
2652,0,97
2653,0,413
2654,0,21
2655,0,420
2656,0,199
2657,0,317
2658,0,899
2659,0,1002
2660,0,1313
2661,0,897
2662,0,775
2663,0,614
2664,0,585
2665,0,216
2666,0,1495
2667,0,457
2668,0,995
2669,0,577
2670,0,517
2671,0,167
2672,0,354
2673,0,1329
2674,0,277
2675,0,1103
2676,0,1187
2677,0,201
2678,0,744
2679,0,336
2680,0,120
2681,0,218
2682,0,1226
2683,0,41
2684,0,25
2685,0,705
2686,0,635
2687,0,342
2688,202,916
2689,0,112
2690,0,976
2691,0,913
2692,0,1048
2693,0,214
2694,0,862
2695,0,568
2696,0,277
2697,0,670
2698,0,169
2699,0,390
2700,0,563
2701,0,212
2702,0,287
2703,0,382
2704,0,752
2705,0,73
2706,0,79
2707,0,57
2708,0,224
2709,0,256
2710,0,151
2711,0,536
2712,0,263
2713,0,198
2714,0,600
2715,0,475
2716,0,55
2717,0,570
2718,0,118
2719,0,118
2720,0,346
2721,0,909
2722,0,749
2723,0,430
2724,0,85
2725,0,635
2726,0,84
2727,0,10
2728,0,9
2729,0,94
2730,0,25
2731,0,88
2732,0,65
2733,0,133
2734,0,870
2735,0,702
2736,0,22
2737,0,130
2738,0,21
2739,0,31
2740,0,32
2741,0,112
2742,0,231
2743,0,101
2744,0,76
2745,0,94
2746,0,90
2747,0,118
2748,0,252
2749,0,380
2750,0,884
2751,0,1161
2752,0,38
2753,0,412
2754,0,228
2755,0,299
2756,0,596
2757,0,585
2758,0,534
2759,0,500
2760,140,616
2761,0,65
2762,0,56
2763,0,39
2764,101,157
2765,0,66
2766,0,145
2767,424,450
2768,0,518
2769,0,331
2770,0,158
2771,0,158
2772,0,577
2773,0,425
2774,0,314
2775,202,141
2776,0,281
2777,0,240
2778,6740,263
2779,0,90
2780,0,267
2781,479,167
2782,0,432
2783,0,508
2784,0,377
2785,0,397
2786,0,166
2787,0,277
2788,83,35
2789,0,387
2790,0,385
2791,0,295
2792,0,696
2793,0,730
2794,0,533
2795,0,679
2796,0,40
2797,0,161
2798,0,767
2799,131,584
2800,0,171
2801,0,254
2802,0,176
2803,0,488
2804,0,1570
2805,0,425
2806,0,362
2807,0,872
2808,0,1767
2809,0,403
2810,0,163
2811,212,83
2812,0,104
2813,0,233
2814,0,147
2815,0,489
2816,0,314
2817,0,86
2818,126,233
2819,0,117
2820,0,167
2821,563,195
2822,0,396
2823,0,95
2824,0,15
2825,0,450
2826,0,211
2827,0,516
2828,0,168
2829,0,180
2830,0,239
2831,0,843
2832,0,634
2833,0,77
2834,0,171
2835,0,229
2836,0,729
2837,0,52
2838,0,641
2839,0,587
2840,0,520
2841,0,243
2842,0,555
2843,0,350
2844,0,321
2845,0,704
2846,0,639
2847,0,2059
2848,0,928
2849,0,565
2850,0,147
2851,0,132
2852,0,391
2853,0,389
2854,0,189
2855,0,861
2856,0,477
2857,0,246
2858,0,334
2859,0,221
2860,0,421
2861,0,746
2862,0,1549
2863,0,1379
2864,0,455
2865,0,1718
2866,0,641
2867,0,1076
2868,0,1113
2869,0,116
2870,0,315
2871,0,514
2872,0,351
2873,0,896
2874,0,920
2875,0,1090
2876,0,1127
2877,0,1447
2878,0,1729
2879,0,1187
2880,0,799
2881,0,861
2882,0,1283
2883,0,1456
2884,0,973
2885,0,863
2886,0,834
2887,0,692
2888,0,310
2889,0,963
2890,0,607
2891,0,514
2892,0,285
2893,0,223
2894,0,908
2895,0,538
2896,0,1287
2897,0,916
2898,0,433
2899,0,1190
2900,0,363
2901,0,861
2902,0,1425
2903,0,1687
2904,0,459
2905,0,813
2906,0,1605
2907,0,2378
2908,0,115
2909,0,1020
2910,0,367
2911,0,222
2912,0,403
2913,0,1041
2914,0,511
2915,0,985
2916,0,1936
2917,0,1153
2918,0,1783
2919,0,760
2920,0,1531
2921,0,746
2922,0,989
2923,0,1054
2924,0,823
2925,0,588
2926,0,491
2927,0,692
2928,0,750
2929,0,613
2930,0,122
2931,0,1185
2932,0,638
2933,0,258
2934,0,892
2935,0,591
2936,9479,608
2937,0,354
2938,0,119
2939,0,828
2940,0,1050
2941,0,865
2942,0,133
2943,0,537
2944,0,1411
2945,0,850
2946,0,1451
2947,0,153
2948,0,530
2949,0,571
2950,0,827
2951,0,1070
2952,0,1146
2953,0,225
2954,0,1550
2955,0,2089
2956,0,1219
2957,0,1369
2958,0,541
2959,0,1210
2960,0,313
2961,0,307
2962,0,562
2963,0,913
2964,0,627
2965,0,1980
2966,0,1099
2967,0,894
2968,0,1441
2969,0,928
2970,0,1422
2971,0,1910
2972,0,1072
2973,0,2149
2974,0,1354
2975,0,491
2976,0,974
2977,0,604
2978,0,610
2979,0,362
2980,0,276
2981,0,11
2982,0,55
2983,0,390
2984,0,639
2985,0,729
2986,0,982
2987,0,1051
2988,0,91
2989,0,411
2990,0,789
2991,0,792
2992,0,1510
2993,0,1861
2994,0,565
2995,0,1006
2996,0,218
2997,0,110
2998,0,1095
2999,0,615
3000,0,121
3001,0,1999
3002,0,750
3003,0,1111
3004,0,1397
3005,0,2030
3006,0,3318
3007,0,294
3008,0,264
3009,0,1732
3010,0,1360
3011,0,324
3012,0,450
3013,0,697
3014,0,3322
3015,0,842
3016,0,139
3017,0,295
3018,0,845
3019,0,324
3020,0,372
3021,0,598
3022,0,1295
3023,0,1432
3024,0,1735
3025,0,474
3026,0,596
3027,0,1115
3028,0,494
3029,0,598
3030,0,662
3031,0,342
3032,0,706
3033,0,1642
3034,0,1060
3035,0,432
3036,0,563
3037,0,557
3038,0,212
3039,0,686
3040,0,60
3041,0,490
3042,0,1027
3043,0,486
3044,0,32
3045,0,260
3046,0,104
3047,0,123
3048,0,164
3049,0,36
3050,0,66
3051,0,307
3052,0,210
3053,0,372
3054,0,128
3055,0,263
3056,0,375
3057,0,412
3058,0,347
3059,0,415
3060,0,280
3061,0,71
3062,0,114
3063,0,312
3064,0,690
3065,0,76
3066,0,265
3067,0,641
3068,0,488
3069,0,91
3070,0,574
3071,0,2116
3072,0,1848
3073,0,168
3074,0,81
3075,0,175
3076,0,100
3077,0,307
3078,0,941
3079,0,248
3080,0,415
3081,0,564
3082,0,487
3083,645,1026
3084,0,864
3085,0,43
3086,0,742
3087,0,749
3088,0,1008
3089,0,993
3090,0,699
3091,0,550
3092,0,245
3093,0,507
3094,0,188
3095,0,616
3096,0,712
3097,0,643
3098,0,385
3099,0,461
3100,0,979
3101,0,40
3102,0,146
3103,0,244
3104,0,2405
3105,0,1829
3106,0,483
3107,0,133
3108,0,670
3109,0,1066
3110,0,621
3111,0,1237
3112,0,1100
3113,0,963
3114,0,1165
3115,0,1358
3116,0,1726
3117,0,1078
3118,0,492
3119,0,977
3120,0,788
3121,0,407
3122,0,237
3123,0,380
3124,0,259
3125,0,944
3126,0,548
3127,0,339
3128,0,793
3129,0,1164
3130,0,787
3131,0,675
3132,0,563
3133,0,533
3134,0,489
3135,0,193
3136,0,82
3137,0,137
3138,0,113
3139,0,862
3140,0,652
3141,0,1253
3142,0,456
3143,0,222
3144,0,22
3145,0,95
3146,403,739
3147,0,846
3148,0,309
3149,0,965
3150,0,270
3151,0,676
3152,0,533
3153,0,582
3154,0,301
3155,0,503
3156,0,169
3157,0,839
3158,0,72
3159,0,1292
3160,0,152
3161,0,487
3162,0,131
3163,0,975
3164,0,663
3165,0,537
3166,0,444
3167,0,694
3168,0,119
3169,0,1194
3170,0,362
3171,0,963
3172,0,216
3173,0,633
3174,0,611
3175,0,1439
3176,0,691
3177,0,405
3178,0,54
3179,0,475
3180,0,326
3181,0,402
3182,0,716
3183,0,115
3184,0,653
3185,0,239
3186,0,1394
3187,0,697
3188,0,115
3189,0,915
3190,0,526
3191,0,722
3192,0,814
3193,0,837
3194,0,846
3195,0,265
3196,0,484
3197,0,684
3198,0,426
3199,0,1464
3200,0,127
3201,0,95
3202,0,1416
3203,0,278
3204,0,1227
3205,0,326
3206,0,556
3207,0,537
3208,0,1177
3209,0,1842
3210,0,173
3211,0,55
3212,0,1241
3213,0,284
3214,0,1011
3215,0,1078
3216,0,636
3217,0,2088
3218,0,121
3219,0,324
3220,0,508
3221,0,1434
3222,0,195
3223,0,1206
3224,0,1761
3225,0,819
3226,0,1389
3227,0,964
3228,0,747
3229,0,402
3230,0,1142
3231,0,656
3232,0,1515
3233,0,616
3234,0,353
3235,0,1056
3236,0,1122
3237,0,3632
3238,0,3969
3239,0,910
3240,0,766
3241,0,1292
3242,0,1537
3243,0,1158
3244,0,1665
3245,0,979
3246,0,859
3247,0,506
3248,0,853
3249,0,981
3250,0,1208
3251,0,1786
3252,0,501
3253,0,1526
3254,0,1647
3255,0,706
3256,0,1012
3257,0,509
3258,0,1248
3259,0,3742
3260,0,2090
3261,0,1209
3262,0,1253
3263,0,1586
3264,0,2076
3265,0,1615
3266,0,1041
3267,0,1027
3268,0,1740
3269,0,1209
3270,0,861
3271,0,2294
3272,0,2242
3273,0,684
3274,0,2121
3275,0,939
3276,0,1003
3277,0,1429
3278,0,2207
3279,0,411
3280,0,202
3281,0,425
3282,0,568
3283,0,441
3284,0,4544
3285,0,1041
3286,0,658
3287,0,831
3288,0,1850
3289,0,1463
3290,0,200
3291,0,224
3292,0,2279
3293,1531,1046
3294,0,1388
3295,0,947
3296,0,801
3297,0,1186
3298,0,833
3299,0,196
3300,0,546
3301,0,428
3302,0,481
3303,0,255
3304,0,41
3305,0,197
3306,0,500
3307,0,667
3308,0,151
3309,757,383
3310,0,531
3311,0,1399
3312,0,1631
3313,0,271
3314,0,90
3315,0,628
3316,101,509
3317,0,390
3318,0,30
3319,0,7
3320,0,307
3321,0,58
3322,0,94
3323,0,31
3324,0,201
3325,0,71
3326,0,9
3327,0,7
3328,0,9
3329,0,3
3330,0,3
3331,0,5
3332,0,37
3333,0,1214
3334,0,937
3335,0,19
3336,0,214
3337,0,394
3338,0,294
3339,0,616
3340,0,537
3341,0,465
3342,0,1078
3343,0,131
3344,0,553
3345,0,183
3346,0,53
3347,0,2005
3348,0,732
3349,0,512
3350,0,673
3351,0,265
3352,0,746
3353,0,966
3354,0,889
3355,0,527
3356,0,1527
3357,0,993
3358,0,2262
3359,0,472
3360,0,1643
3361,0,659
3362,0,1181
3363,0,372
3364,0,1093
3365,0,737
3366,0,83
3367,0,217
3368,0,70
3369,0,242
3370,0,1260
3371,0,1313
3372,0,783
3373,0,1075
3374,0,4429
3375,0,2064
3376,0,2792
3377,0,260
3378,0,3498
3379,0,127
3380,0,407
3381,0,647
3382,0,2652
3383,0,2916
3384,0,735
3385,0,1276
3386,0,785
3387,0,84
3388,0,3265
3389,0,76
3390,0,225
3391,0,79
3392,0,641
3393,0,437
3394,0,175
3395,101,66
3396,0,471
3397,0,359
3398,0,223
3399,0,288
3400,546,1155
3401,0,130
3402,0,87
3403,0,321
3404,0,393
3405,0,161
3406,0,281
3407,0,311
3408,0,259
3409,0,101
3410,0,198
3411,0,121
3412,0,166
3413,0,444
3414,0,242
3415,0,204
3416,0,564
3417,0,39
3418,0,51
3419,0,18
3420,0,24
3421,0,34
3422,0,572
3423,0,565
3424,0,139
3425,0,396
3426,0,572
3427,0,506
3428,0,127
3429,0,275
3430,0,1210
3431,0,126
3432,0,247
3433,0,880
3434,0,578
3435,0,874
3436,0,355
3437,0,740
3438,0,349
3439,0,456
3440,0,528
3441,0,476
3442,0,66
3443,0,126
3444,0,14
3445,0,635
3446,0,413
3447,0,826
3448,0,240
3449,415,136
3450,0,582
3451,0,43
3452,0,114
3453,0,74
3454,0,236
3455,0,94
3456,0,196
3457,0,462
3458,0,199
3459,0,225
3460,0,470
3461,0,86
3462,0,53
3463,0,110
3464,0,187
3465,0,67
3466,0,513
3467,0,242
3468,0,178
3469,0,190
3470,0,190
3471,0,102
3472,0,217
3473,0,615
3474,0,489
3475,0,44
3476,0,219
3477,0,24
3478,0,103
3479,0,251
3480,0,535
3481,0,67
3482,0,105
3483,0,88
3484,0,13
3485,61,32
3486,0,253
3487,0,122
3488,0,197
3489,0,83
3490,0,174
3491,0,38
3492,0,84
3493,0,265
3494,0,726
3495,0,302
3496,0,1395
3497,0,336
3498,0,58
3499,0,87
3500,0,305
3501,0,111
3502,0,339
3503,0,101
3504,0,442
3505,0,131
3506,0,267
3507,0,268
3508,0,14
3509,0,656
3510,0,1014
3511,0,431
3512,0,490
3513,0,439
3514,0,274
3515,0,335
3516,0,186
3517,0,498
3518,0,576
3519,0,729
3520,0,369
3521,0,157
3522,0,265
3523,0,250
3524,0,410
3525,0,486
3526,6975,472
3527,0,57
3528,0,149
3529,0,477
3530,0,468
3531,0,298
3532,479,472
3533,0,234
3534,0,243
3535,0,466
3536,0,750
3537,0,65
3538,0,260
3539,0,479
3540,1154,124
3541,568,77
3542,45,808
3543,0,232
3544,0,473
3545,0,544
3546,0,342
3547,0,207
3548,0,61
3549,0,48
3550,0,890
3551,0,694
3552,0,73
3553,0,741
3554,0,605
3555,0,1047
3556,0,96
3557,0,299
3558,0,268
3559,0,746
3560,0,389
3561,0,1482
3562,0,904
3563,0,436
3564,0,285
3565,0,269
3566,0,409
3567,0,351
3568,0,73
3569,0,148
3570,0,836
3571,0,324
3572,0,109
3573,0,67
3574,0,147
3575,0,345
3576,0,66
3577,0,38
3578,0,73
3579,0,309
3580,0,371
3581,0,103
3582,0,74
3583,0,565
3584,0,15
3585,0,59
3586,0,80
3587,0,63
3588,0,46
3589,0,84
3590,0,118
3591,0,276
3592,0,447
3593,0,918
3594,0,773
3595,0,565
3596,0,803
3597,151,124
3598,0,1215
3599,0,852
3600,0,260
3601,0,926
3602,0,798
3603,0,1654
3604,0,265
3605,0,2007
3606,0,641
3607,0,1087
3608,0,512
3609,0,544
3610,0,367
3611,0,656
3612,0,666
3613,0,698
3614,0,410
3615,0,756
3616,0,1002
3617,0,876
3618,0,197
3619,0,894
3620,0,725
3621,0,905
3622,0,1085
3623,0,1139
3624,0,213
3625,0,235
3626,0,300
3627,0,418
3628,0,1559
3629,0,74
3630,0,372
3631,0,892
3632,0,590
3633,0,63
3634,0,331
3635,0,18
3636,0,587
3637,0,437
3638,0,560
3639,0,219
3640,0,1602
3641,0,358
3642,0,1587
3643,0,107
3644,0,123
3645,0,521
3646,0,933
3647,0,337
3648,0,54
3649,0,117
3650,0,253
3651,0,163
3652,0,159
3653,0,490
3654,0,435
3655,0,78
3656,0,25
3657,0,51
3658,0,51
3659,0,1826
3660,0,56
3661,0,89
3662,0,105
3663,0,176
3664,0,249
3665,0,139
3666,0,470
3667,0,733
3668,0,538
3669,0,119
3670,0,698
3671,0,597
3672,0,785
3673,0,746
3674,0,780
3675,0,91
3676,0,285
3677,0,413
3678,0,741
3679,0,451
3680,0,732
3681,0,1045
3682,0,321
3683,0,1108
3684,0,1280
3685,0,826
3686,0,1154
3687,0,996
3688,0,1087
3689,0,525
3690,0,837
3691,0,195
3692,0,960
3693,0,891
3694,0,179
3695,0,383
3696,76,946
3697,0,359
3698,0,143
3699,0,590
3700,0,415
3701,0,605
3702,0,283
3703,0,290
3704,0,390
3705,0,1083
3706,0,890
3707,0,1518
3708,0,1760
3709,0,372
3710,0,861
3711,0,808
3712,0,625
3713,0,255
3714,0,65
3715,0,30
3716,0,910
3717,0,648
3718,0,914
3719,0,781
3720,0,1183
3721,0,1262
3722,0,405
3723,0,588
3724,0,853
3725,0,1239
3726,0,206
3727,0,562
3728,0,264
3729,0,232
3730,0,637
3731,0,1096
3732,0,470
3733,0,422
3734,0,648
3735,0,190
3736,0,92
3737,0,488
3738,0,358
3739,0,837
3740,0,627
3741,0,93
3742,0,249
3743,0,1026
3744,0,1136
3745,0,392
3746,0,484
3747,0,308
3748,0,333
3749,0,589
3750,202,568
3751,0,17
3752,0,111
3753,0,101
3754,0,135
3755,0,853
3756,0,420
3757,0,1196
3758,0,643
3759,0,868
3760,0,826
3761,0,595
3762,0,949
3763,0,1833
3764,0,195
3765,0,252
3766,0,17
3767,0,176
3768,36,677
3769,0,266
3770,0,436
3771,0,396
3772,0,94
3773,0,33
3774,0,1425
3775,0,223
3776,0,505
3777,0,193
3778,0,1108
3779,0,539
3780,0,154
3781,0,997
3782,0,658
3783,0,416
3784,0,258
3785,0,298
3786,0,1649
3787,0,1162
3788,0,814
3789,0,1327
3790,0,2391
3791,0,124
3792,0,193
3793,0,572
3794,0,483
3795,0,96
3796,0,765
3797,0,840
3798,0,577
3799,0,1206
3800,0,390
3801,0,470
3802,0,607
3803,0,712
3804,0,1992
3805,0,1173
3806,0,170
3807,0,951
3808,0,1598
3809,0,1472
3810,0,677
3811,0,1114
3812,0,835
3813,0,879
3814,0,538
3815,0,169
3816,0,859
3817,0,1148
3818,0,561
3819,0,1125
3820,0,864
3821,0,1818
3822,0,583
3823,0,1151
3824,0,1000
3825,0,1042
3826,0,740
3827,0,665
3828,0,511
3829,0,599
3830,0,983
3831,0,1144
3832,0,2212
3833,0,2858
3834,0,1611
3835,0,3022
3836,0,978
3837,0,2946
3838,0,1419
3839,0,334
3840,0,125
3841,0,74
3842,0,1113
3843,0,529
3844,0,1246
3845,0,1461
3846,0,450
3847,0,662
3848,0,1402
3849,0,588
3850,0,1065
3851,0,145
3852,0,1501
3853,202,311
3854,0,308
3855,0,184
3856,0,1150
3857,0,568
3858,0,920
3859,0,595
3860,0,851
3861,0,458
3862,0,1116
3863,0,802
3864,0,1940
3865,0,1153
3866,0,970
3867,0,1176
3868,0,1788
3869,0,2108
3870,0,1798
3871,0,1808
3872,0,1050
3873,0,2452
3874,0,1556
3875,0,1918
3876,0,806
3877,0,2308
3878,0,3025
3879,0,1489
3880,0,661
3881,0,1479
3882,0,602
3883,0,440
3884,0,634
3885,0,342
3886,0,630
3887,0,1415
3888,0,1083
3889,0,1816
3890,0,399
3891,0,1284
3892,0,1966
3893,0,427
3894,0,2209
3895,0,571
3896,0,898
3897,0,1214
3898,0,600
3899,0,424
3900,0,278
3901,0,389
3902,0,1105
3903,0,376
3904,0,447
3905,0,642
3906,0,513
3907,0,432
3908,0,486
3909,0,657
3910,0,186
3911,0,114
3912,0,44
3913,0,231
3914,0,321
3915,0,73
3916,934,771
3917,0,1138
3918,0,517
3919,0,477
3920,1412,222
3921,0,260
3922,0,142
3923,0,449
3924,0,552
3925,0,142
3926,0,138
3927,0,253
3928,0,407
3929,0,1002
3930,0,83
3931,0,842
3932,0,884
3933,0,239
3934,0,597
3935,0,469
3936,0,770
3937,0,76
3938,0,1607
3939,0,379
3940,0,105
3941,0,701
3942,0,699
3943,0,603
3944,0,533
3945,0,394
3946,0,344
3947,0,554
3948,0,222
3949,0,670
3950,0,380
3951,0,563
3952,0,304
3953,0,317
3954,0,246
3955,0,579
3956,0,130
3957,0,194
3958,0,624
3959,0,367
3960,0,253
3961,0,97
3962,0,53
3963,0,653
3964,0,467
3965,0,171
3966,0,438
3967,0,925
3968,0,217
3969,605,598
3970,0,144
3971,0,148
3972,0,264
3973,0,2530
3974,0,230
3975,0,108
3976,0,601
3977,0,1424
3978,0,2360
3979,0,955
3980,0,1184
3981,0,84
3982,0,799
3983,0,822
3984,0,730
3985,0,877
3986,0,1976
3987,0,1587
3988,0,120
3989,0,12126
3990,0,340
3991,0,2053
3992,0,2063
3993,0,4575
3994,0,4926
3995,0,3621
3996,0,5927
3997,0,14462
3998,0,2685
3999,0,846
4000,0,2268
4001,0,1078
4002,0,2067
4003,0,1681
4004,0,1280
4005,1329,554
4006,0,1216
4007,0,1056
4008,0,2177
4009,0,5930
4010,0,1810
4011,0,1823
4012,0,3547
4013,0,4474
4014,0,2220
4015,0,1237
4016,0,1251
4017,0,1282
4018,0,1454
4019,0,2102
4020,0,1192
4021,0,389
4022,0,1929
4023,0,2033
4024,0,3540
4025,0,1123
4026,0,153
4027,0,648
4028,0,324
4029,0,5593
4030,0,1769
4031,0,1187
4032,0,2095
4033,0,1621
4034,0,1273
4035,0,5002
4036,0,2970
4037,0,920
4038,0,107
4039,0,359
4040,0,279
4041,0,337
4042,0,5988
4043,0,7992
4044,0,3576
4045,0,245
4046,0,889
4047,0,1272
4048,0,1797
4049,0,2226
4050,0,835
4051,0,141
4052,0,535
4053,0,2097
4054,0,1092
4055,0,1555
4056,0,3762
4057,0,977
4058,0,1477
4059,0,2156
4060,0,1503
4061,0,1666
4062,0,2306
4063,0,2374
4064,0,1614
4065,0,2235
4066,0,866
4067,0,696
4068,0,1264
4069,0,2066
4070,0,1151
4071,0,1093
4072,0,999
4073,0,918
4074,0,629
4075,0,947
4076,0,459
4077,0,90
4078,0,97
4079,0,498
4080,0,2153
4081,0,2233
4082,0,1145
4083,0,324
4084,0,516
4085,0,396
4086,0,314
4087,0,458
4088,0,123
4089,0,186
4090,0,114
4091,0,200
4092,11780,832
4093,0,3046
4094,0,546
4095,0,214
4096,0,357
4097,0,132
4098,0,270
4099,0,61
4100,0,96
4101,0,51
4102,0,151
4103,0,95
4104,0,837
4105,0,158
4106,0,324
4107,0,99
4108,0,618
4109,0,690
4110,0,789
4111,0,1529
4112,0,2276
4113,0,844
4114,0,107
4115,0,535
4116,0,971
4117,0,1259
4118,0,1161
4119,0,989
4120,0,422
4121,0,190
4122,0,102
4123,0,707
4124,0,136
4125,0,232
4126,0,553
4127,0,626
4128,0,137
4129,0,834
4130,0,1374
4131,0,1118
4132,0,1364
4133,0,297
4134,0,1008
4135,0,459
4136,0,1325
4137,0,889
4138,0,140
4139,0,808
4140,0,1155
4141,0,672
4142,0,491
4143,0,514
4144,0,442
4145,0,1770
4146,0,705
4147,0,1202
4148,0,555
4149,0,788
4150,0,1154
4151,0,138
4152,0,467
4153,0,222
4154,0,446
4155,0,607
4156,0,401
4157,0,280
4158,0,387
4159,0,259
4160,0,664
4161,0,289
4162,0,929
4163,0,439
4164,0,677
4165,0,373
4166,0,959
4167,0,373
4168,663,597
4169,0,420
4170,0,761
4171,0,430
4172,0,593
4173,0,446
4174,0,523
4175,0,389
4176,0,377
4177,0,515
4178,0,645
4179,0,744
4180,0,1050
4181,0,1477
4182,0,919
4183,0,1854
4184,0,1858
4185,0,834
4186,0,517
4187,0,672
4188,0,419
4189,0,640
4190,0,500
4191,0,280
4192,0,503
4193,0,556
4194,0,900
4195,0,424
4196,0,118
4197,0,831
4198,0,456
4199,0,693
4200,0,491
4201,0,269
4202,0,1954
4203,0,551
4204,0,499
4205,0,137
4206,0,1134
4207,0,326
4208,0,280
4209,0,2050
4210,0,825
4211,0,1052
4212,0,3524
4213,0,2417
4214,0,380
4215,0,2288
4216,0,647
4217,0,195
4218,0,860
4219,0,706
4220,0,322
4221,0,748
4222,0,872
4223,0,1372
4224,0,1279
4225,0,906
4226,0,1666
4227,0,602
4228,0,1250
4229,0,1209
4230,0,706
4231,0,318
4232,0,2070
4233,0,728
4234,0,1670
4235,0,2013
4236,0,1892
4237,0,971
4238,0,2104
4239,0,951
4240,0,457
4241,0,693
4242,0,217
4243,0,194
4244,0,1095
4245,0,776
4246,0,425
4247,0,1122
4248,0,2280
4249,0,509
4250,0,675
4251,0,663
4252,1110,1892
4253,0,878
4254,0,106
4255,0,178
4256,0,324
4257,0,137
4258,0,1702
4259,0,315
4260,0,2488
4261,0,350
4262,0,8
4263,0,5
4264,0,16
4265,0,11
4266,0,46
4267,0,116
4268,86,235
4269,0,918
4270,0,401
4271,656,915
4272,0,1835
4273,0,843
4274,0,327
4275,0,207
4276,0,58
4277,0,68
4278,0,330
4279,0,103
4280,0,68
4281,0,235
4282,0,297
4283,0,161
4284,0,115
4285,0,1608
4286,0,31
4287,0,834
4288,0,1792
4289,0,662
4290,0,237
4291,0,2108
4292,0,1853
4293,0,1246
4294,0,469
4295,0,2745
4296,0,1165
4297,0,1087
4298,0,691
4299,0,948
4300,0,250
4301,0,2867
4302,0,542
4303,0,999
4304,0,2988
4305,0,3185
4306,0,251
4307,0,2472
4308,0,2841
4309,0,1725
4310,0,3016
4311,0,4289
4312,0,8813
4313,0,1830
4314,0,4511
4315,0,2260
4316,0,6466
4317,0,1553
4318,0,2349
4319,0,1611
4320,0,674
4321,0,3072
4322,0,1303
4323,0,1337
4324,0,1038
4325,0,362
4326,0,665
4327,0,479
4328,0,932
4329,0,2031
4330,0,235
4331,0,1410
4332,0,480
4333,0,532
4334,0,15
4335,0,17
4336,0,60
4337,0,26
4338,0,6
4339,0,8
4340,0,127
4341,0,171
4342,0,107
4343,0,328
4344,0,357
4345,0,162
4346,0,1509
4347,0,153
4348,0,2256
4349,0,905
4350,0,1664
4351,0,1514
4352,0,1913
4353,0,1670
4354,0,672
4355,0,1804
4356,0,1209
4357,0,7444
4358,0,932
4359,0,475
4360,0,50
4361,0,665
4362,0,262
4363,0,4367
4364,0,2393
4365,0,2432
4366,0,1097
4367,0,869
4368,0,2494
4369,0,999
4370,0,676
4371,0,2063
4372,0,83
4373,0,1675
4374,0,2322
4375,0,2104
4376,0,403
4377,0,1891
4378,0,298
4379,0,913
4380,0,1810
4381,0,698
4382,0,597
4383,0,1571
4384,0,116
4385,0,251
4386,0,1130
4387,0,2391
4388,0,3595
4389,0,863
4390,0,6779
4391,0,3227
4392,0,2710
4393,0,2659
4394,0,325
4395,0,384
4396,0,1052
4397,0,1174
4398,0,373
4399,0,2989
4400,0,2567
4401,0,493
4402,0,1784
4403,0,3220
4404,0,1589
4405,0,1240
4406,0,1154
4407,0,1861
4408,0,1641
4409,0,2089
4410,0,3002
4411,0,963
4412,0,265
4413,0,599
4414,0,807
4415,0,1401
4416,0,1467
4417,0,3692
4418,0,1154
4419,0,1691
4420,0,1937
4421,0,688
4422,0,129
4423,0,821
4424,0,55
4425,0,29
4426,0,47
4427,0,72
4428,0,25
4429,0,36
4430,0,167
4431,0,1282
4432,0,1103
4433,0,1960
4434,0,2178
4435,0,570
4436,0,2166
4437,0,2908
4438,0,3666
4439,0,1937
4440,0,334
4441,0,152
4442,0,403
4443,0,989
4444,0,492
4445,0,1488
4446,0,2531
4447,0,916
4448,0,345
4449,0,287
4450,0,354
4451,0,1240
4452,0,367
4453,0,599
4454,0,633
4455,0,525
4456,0,107
4457,0,636
4458,0,411
4459,0,248
4460,0,1334
4461,0,852
4462,0,246
4463,0,599
4464,0,471
4465,0,677
4466,0,278
4467,0,265
4468,0,297
4469,0,980
4470,0,295
4471,0,340
4472,0,393
4473,0,517
4474,0,1350
4475,0,373
4476,0,477
4477,0,274
4478,0,488
4479,0,405
4480,0,1956
4481,0,4425
4482,0,76
4483,0,1733
4484,0,852
4485,0,842
4486,0,495
4487,0,619
4488,0,1451
4489,0,71
4490,0,833
4491,0,767
4492,0,671
4493,0,3572
4494,0,3079
4495,0,2157
4496,0,401
4497,0,1685
4498,0,1939
4499,0,6430
4500,0,5440
4501,0,3710
4502,0,330
4503,0,647
4504,0,869
4505,0,365
4506,0,416
4507,0,545
4508,0,303
4509,0,48
4510,0,94
4511,0,374
4512,151,845
4513,0,629
4514,0,1104
4515,0,87
4516,0,298
4517,0,552
4518,0,949
4519,0,237
4520,0,1928
4521,0,58
4522,0,383
4523,0,122
4524,0,913
4525,0,617
4526,0,1075
4527,0,950
4528,0,564
4529,0,1459
4530,0,235
4531,0,292
4532,0,118
4533,0,355
4534,0,271
4535,0,1357
4536,0,1239
4537,0,576
4538,0,476
4539,0,133
4540,0,1308
4541,0,1182
4542,0,704
4543,0,669
4544,0,205
4545,0,1384
4546,0,696
4547,0,402
4548,0,1107
4549,0,847
4550,0,1404
4551,0,1072
4552,0,186
4553,0,656
4554,0,349
4555,0,413
4556,0,84
4557,0,9
4558,0,87
4559,0,450
4560,0,332
4561,0,358
4562,0,8
4563,0,13
4564,0,36
4565,0,51
4566,0,148
4567,0,108
4568,0,58
4569,0,188
4570,0,1265
4571,0,220
4572,0,180
4573,0,133
4574,0,519
4575,0,108
4576,0,1716
4577,0,735
4578,0,565
4579,0,2283
4580,0,389
4581,0,1423
4582,0,1715
4583,0,848
4584,0,153
4585,0,77
4586,0,361
4587,0,503
4588,0,817
4589,0,151
4590,0,312
4591,0,604
4592,0,553
4593,0,1084
4594,0,341
4595,0,602
4596,0,316
4597,0,1185
4598,0,583
4599,0,1010
4600,0,2305
4601,0,1119
4602,0,188
4603,0,331
4604,0,325
4605,0,219
4606,0,1083
4607,202,76
4608,0,512
4609,0,532
4610,0,623
4611,0,2134
4612,1110,2014
4613,0,1194
4614,0,630
4615,0,1024
4616,0,625
4617,0,262
4618,0,1689
4619,0,1567
4620,0,1835
4621,0,786
4622,0,977
4623,0,1400
4624,0,483
4625,0,587
4626,0,502
4627,0,376
4628,0,733
4629,0,727
4630,0,1185
4631,0,259
4632,0,967
4633,0,3722
4634,0,741
4635,0,2344
4636,0,1538
4637,0,318
4638,0,1741
4639,0,1741
4640,0,2878
4641,0,938
4642,0,1714
4643,0,1493
4644,0,1008
4645,0,884
4646,0,3247
4647,0,4010
4648,0,353
4649,0,6512
4650,0,1824
4651,0,5390
4652,0,2397
4653,0,6703
4654,0,2013
4655,0,6925
4656,0,448
4657,0,6510
4658,0,260
4659,0,1915
4660,0,3328
4661,0,4686
4662,0,5284
4663,0,6658
4664,0,809
4665,0,2183
4666,0,3014
4667,0,4962
4668,0,3244
4669,0,1869
4670,0,516
4671,0,2099
4672,0,1379
4673,0,1258
4674,0,1394
4675,0,1843
4676,0,1109
4677,0,674
4678,0,579
4679,0,2070
4680,0,1224
4681,0,2369
4682,0,562
4683,0,1963
4684,0,196
4685,0,1422
4686,0,3426
4687,0,184
4688,0,118
4689,0,117
4690,0,112
4691,0,184
4692,0,273
4693,0,76
4694,0,705
4695,0,1140
4696,0,724
4697,0,405
4698,0,365
4699,0,364
4700,0,288
4701,0,79
4702,1544,93
4703,0,185
4704,0,62
4705,0,191
4706,353,72
4707,0,3106
4708,0,1403
4709,0,1212
4710,0,1468
4711,0,286
4712,0,116
4713,0,946
4714,0,531
4715,0,1657
4716,0,1502
4717,0,1005
4718,0,1745
4719,0,515
4720,0,206
4721,0,250
4722,0,575
4723,0,226
4724,0,440
4725,0,671
4726,0,247
4727,0,1191
4728,0,1776
4729,0,1883
4730,0,1120
4731,0,692
4732,0,974
4733,0,1249
4734,0,2215
4735,0,1360
4736,0,976
4737,0,1023
4738,0,423
4739,0,327
4740,0,437
4741,0,2894
4742,0,2302
4743,0,1100
4744,0,689
4745,0,916
4746,0,740
4747,0,417
4748,0,1889
4749,0,1321
4750,0,656
4751,0,1599
4752,0,1470
4753,0,986
4754,0,1639
4755,0,654
4756,0,359
4757,0,243
4758,0,718
4759,0,692
4760,0,996
4761,50,1451
4762,0,638
4763,0,126
4764,0,382
4765,0,1235
4766,0,1552
4767,0,448
4768,0,287
4769,0,1034
4770,0,816
4771,0,765
4772,0,2209
4773,0,3684
4774,0,2493
4775,0,4612
4776,0,281
4777,0,9796
4778,0,2650
4779,0,7016
4780,0,7791
4781,0,3766
4782,0,2896
4783,0,4425
4784,0,2967
4785,0,4306
4786,0,630
4787,0,4152
4788,0,1652
4789,0,4595
4790,0,3629
4791,0,3384
4792,0,467
4793,0,144
4794,0,2926
4795,0,1878
4796,0,2433
4797,0,1971
4798,0,1209
4799,0,1359
4800,0,1235
4801,0,894
4802,0,1583
4803,0,2932
4804,0,627
4805,0,190
4806,0,678
4807,0,256
4808,0,962
4809,0,368
4810,0,293
4811,0,1920
4812,0,1437
4813,0,4908
4814,0,4051
4815,0,4521
4816,0,302
4817,0,2031
4818,0,2660
4819,0,2575
4820,0,1726
4821,0,1887
4822,0,2107
4823,0,270
4824,0,3968
4825,0,3224
4826,0,5175
4827,0,2512
4828,0,1263
4829,0,1081
4830,0,2527
4831,0,3941
4832,0,2352
4833,0,1495
4834,0,514
4835,0,2823
4836,0,2603
4837,0,4065
4838,0,4914
4839,0,3077
4840,0,8934
4841,0,5981
4842,0,7681
4843,0,1350
4844,0,3191
4845,0,2648
4846,0,1657
4847,0,1673
4848,0,841
4849,0,301
4850,0,2066
4851,0,1297
4852,0,607
4853,0,3218
4854,0,1393
4855,0,2665
4856,0,1788
4857,0,3524
4858,0,531
4859,0,485
4860,0,217
4861,0,198
4862,0,1048
4863,0,211
4864,2320,662
4865,0,332
4866,0,844
4867,0,499
4868,0,931
4869,0,378
4870,0,66
4871,0,144
4872,0,319
4873,0,292
4874,0,100
4875,0,53
4876,0,2901
4877,0,353
4878,0,728
4879,0,422
4880,0,1810
4881,0,1570
4882,0,2407
4883,0,1084
4884,0,572
4885,0,531
4886,0,6049
4887,0,6247
4888,0,2258
4889,0,1273
4890,0,156
4891,0,54
4892,0,52
4893,0,11
4894,0,11
4895,0,180
4896,50,123
4897,0,24
4898,0,821
4899,0,223
4900,0,253
4901,0,159
4902,0,134
4903,0,102
4904,0,237
4905,0,106
4906,0,729
4907,0,333
4908,0,275
4909,0,29
4910,0,15
4911,0,30
4912,0,17
4913,0,6
4914,0,11
4915,0,19
4916,0,86
4917,0,345
4918,0,284
4919,0,1539
4920,0,2026
4921,0,2459
4922,0,3345
4923,0,5789
4924,0,305
4925,0,111
4926,0,925
4927,0,275
4928,0,1221
4929,0,190
4930,0,627
4931,0,3033
4932,0,956
4933,0,149
4934,0,658
4935,0,361
4936,0,348
4937,0,1215
4938,0,2917
4939,0,2902
4940,0,1031
4941,0,1062
4942,3905,976
4943,0,958
4944,0,1847
4945,0,2025
4946,0,4436
4947,0,621
4948,0,799
4949,0,1580
4950,0,1423
4951,0,256
4952,0,72
4953,0,1456
4954,0,251
4955,0,360
4956,0,848
4957,0,69
4958,0,255
4959,0,270
4960,0,538
4961,0,2884
4962,0,696
4963,0,1615
4964,0,1416
4965,0,856
4966,0,928
4967,0,335
4968,0,199
4969,0,455
4970,0,564
4971,0,1159
4972,0,1578
4973,0,1283
4974,0,2614
4975,0,1637
4976,0,2339
4977,0,1025
4978,0,1153
4979,0,314
4980,0,313
4981,0,762
4982,0,54
4983,0,62
4984,0,397
4985,0,520
4986,0,425
4987,0,1900
4988,0,1626
4989,0,1844
4990,0,460
4991,0,1341
4992,0,1950
4993,0,3391
4994,0,1331
4995,0,734
4996,0,667
4997,0,1133
4998,0,359
4999,0,2916
5000,0,2104
5001,0,956
5002,0,5981
5003,0,5993
5004,0,2523
5005,0,6688
5006,0,7907
5007,0,261
5008,0,791
5009,0,806
5010,0,2912
5011,0,2319
5012,0,828
5013,0,760
5014,0,8101
5015,0,4372
5016,0,6453
5017,0,2771
5018,0,4288
5019,0,1255
5020,0,5678
5021,0,5463
5022,0,1588
5023,0,4438
5024,0,373
5025,0,1881
5026,0,4255
5027,0,6963
5028,0,1474
5029,0,1434
5030,0,1556
5031,0,1040
5032,0,847
5033,0,700
5034,0,3461
5035,0,3168
5036,0,2928
5037,0,2890
5038,0,2832
5039,0,2049
5040,0,5853
5041,0,2644
5042,0,2662
5043,0,3202
5044,0,1676
5045,0,4330
5046,0,8439
5047,0,1452
5048,0,1366
5049,0,1317
5050,0,4188
5051,0,2597
5052,0,8348
5053,0,5657
5054,0,1121
5055,0,2209
5056,0,3194
5057,0,3442
5058,0,2598
5059,0,2607
5060,0,1046
5061,0,2373
5062,0,2246
5063,0,2310
5064,0,2352
5065,0,3539
5066,0,569
5067,0,917
5068,0,134
5069,0,721
5070,0,30
5071,0,969
5072,0,953
5073,0,1593
5074,0,1898
5075,0,1537
5076,0,1902
5077,0,391
5078,0,1244
5079,0,1343
5080,0,1150
5081,0,130
5082,0,260
5083,0,595
5084,0,500
5085,0,745
5086,0,1683
5087,0,491
5088,0,874
5089,0,200
5090,0,1648
5091,0,1394
5092,0,2567
5093,11871,208
5094,0,108
5095,0,102
5096,0,142
5097,0,108
5098,0,35
5099,0,101
5100,0,480
5101,0,83
5102,0,164
5103,0,667
5104,0,541
5105,0,1500
5106,0,848
5107,0,5586
5108,0,1396
5109,0,1285
5110,0,826
5111,0,481
5112,0,146
5113,0,801
5114,2370,800
5115,0,1503
5116,0,3414
5117,0,3038
5118,0,1487
5119,0,1004
5120,0,4207
5121,0,2000
5122,0,1424
5123,0,1436
5124,0,268
5125,0,1748
5126,0,1188
5127,0,262
5128,0,93
5129,0,1839
5130,0,1742
5131,0,614
5132,0,1977
5133,0,2015
5134,0,843
5135,0,2304
5136,0,4103
5137,0,415
5138,0,2242
5139,0,398
5140,0,470
5141,0,1033
5142,0,1719
5143,0,472
5144,0,1109
5145,0,964
5146,0,898
5147,0,1400
5148,0,730
5149,0,664
5150,0,416
5151,0,1099
5152,0,1544
5153,0,429
5154,0,364
5155,0,148
5156,0,705
5157,0,508
5158,0,396
5159,0,86
5160,126,145
5161,0,85
5162,0,788
5163,0,135
5164,0,64
5165,0,887
5166,0,909
5167,0,79
5168,0,349
5169,0,510
5170,0,3061
5171,0,749
5172,0,318
5173,5591,228
5174,0,333
5175,0,55
5176,0,37
5177,0,111
5178,0,94
5179,0,57
5180,0,860
5181,0,1475
5182,0,85
5183,0,49
5184,0,340
5185,0,104
5186,0,64
5187,0,516
5188,0,1164
5189,0,843
5190,0,1346
5191,0,2087
5192,0,1203
5193,0,1264
5194,0,1143
5195,0,1402
5196,0,2361
5197,0,262
5198,0,223
5199,0,631
5200,0,389
5201,0,923
5202,0,1107
5203,0,1060
5204,0,756
5205,0,678
5206,0,1117
5207,0,369
5208,0,513
5209,0,1093
5210,0,336
5211,0,189
5212,0,221
5213,0,123
5214,0,133
5215,0,287
5216,0,211
5217,0,188
5218,0,11
5219,0,110
5220,0,222
5221,0,695
5222,0,1162
5223,0,924
5224,0,100
5225,0,764
5226,0,688
5227,0,590
5228,0,1036
5229,0,897
5230,0,566
5231,0,1065
5232,0,23
5233,0,9
5234,0,8
5235,0,19
5236,0,22
5237,0,34
5238,0,186
5239,0,315
5240,0,72
5241,0,165
5242,0,97
5243,0,565
5244,0,2168
5245,0,1578
5246,0,2583
5247,0,1787
5248,0,1039
5249,0,994
5250,0,1313
5251,0,1378
5252,0,2017
5253,0,4564
5254,0,1245
5255,0,714
5256,0,2248
5257,0,1922
5258,0,2553
5259,0,3247
5260,0,873
5261,0,297
5262,0,1125
5263,0,1335
5264,0,819
5265,0,1817
5266,0,1628
5267,0,1484
5268,0,1248
5269,0,541
5270,0,622
5271,0,910
5272,0,333
5273,0,972
5274,0,2929
5275,0,962
5276,0,604
5277,0,1263
5278,0,2010
5279,0,1007
5280,0,1240
5281,0,2337
5282,0,1040
5283,0,1390
5284,0,1152
5285,0,787
5286,0,684
5287,0,748
5288,0,539
5289,0,787
5290,0,945
5291,479,371
5292,0,388
5293,0,428
5294,0,935
5295,0,543
5296,0,239
5297,0,273
5298,0,28
5299,0,80
5300,0,571
5301,0,660
5302,0,1931
5303,0,838
5304,0,1333
5305,0,2290
5306,0,697
5307,757,50
5308,0,201
5309,0,555
5310,0,1191
5311,0,2267
5312,0,1244
5313,0,1083
5314,0,699
5315,0,494
5316,0,368
5317,0,22
5318,0,79
5319,0,14
5320,0,62
5321,0,57
5322,0,157
5323,0,27
5324,0,44
5325,0,33
5326,0,51
5327,0,165
5328,0,175
5329,0,677
5330,857,430
5331,0,700
5332,0,1292
5333,0,662
5334,0,379
5335,0,1088
5336,0,1795
5337,0,353
5338,0,2041
5339,0,1148
5340,0,567
5341,0,1408
5342,0,932
5343,0,997
5344,0,823
5345,0,620
5346,0,695
5347,0,699
5348,0,1201
5349,0,166
5350,0,105
5351,0,661
5352,0,120
5353,0,3415
5354,0,1510
5355,0,1238
5356,0,3511
5357,0,1861
5358,0,69
5359,0,168
5360,0,969
5361,0,1666
5362,0,1312
5363,0,722
5364,0,1484
5365,0,1272
5366,0,2872
5367,0,801
5368,0,3167
5369,0,737
5370,0,3041
5371,0,3738
5372,0,1484
5373,0,2240
5374,0,2178
5375,0,2396
5376,0,578
5377,0,4121
5378,0,1584
5379,0,3596
5380,0,3356
5381,0,1702
5382,0,3717
5383,0,2812
5384,0,1243
5385,0,2066
5386,0,1412
5387,0,2230
5388,0,3588
5389,0,2646
5390,0,1638
5391,0,4501
5392,0,159
5393,0,236
5394,0,1151
5395,0,1474
5396,0,2312
5397,0,4964
5398,0,1162
5399,0,2059
5400,0,1038
5401,2976,2159
5402,0,2243
5403,0,2591
5404,0,194
5405,0,1032
5406,0,899
5407,0,1343
5408,0,516
5409,0,1098
5410,0,254
5411,0,1548
5412,0,1045
5413,0,291
5414,0,2886
5415,0,480
5416,0,382
5417,0,255
5418,0,1251
5419,0,1724
5420,0,1636
5421,0,2360
5422,0,2259
5423,0,3453
5424,0,1773
5425,0,3478
5426,0,3805
5427,0,1370
5428,0,3846
5429,0,1761
5430,0,1995
5431,0,2081
5432,0,2340
5433,0,1723
5434,0,1792
5435,0,2549
5436,0,3059
5437,0,1705
5438,0,3070
5439,0,2420
5440,0,2119
5441,0,2712
5442,0,2214
5443,0,115
5444,0,163
5445,0,127
5446,0,753
5447,0,4711
5448,0,1059
5449,0,828
5450,0,713
5451,0,2687
5452,0,2886
5453,0,1725
5454,0,1406
5455,0,2825
5456,0,3314
5457,0,4033
5458,0,2077
5459,0,2438
5460,0,3457
5461,0,2528
5462,0,730
5463,0,1462
5464,0,1620
5465,0,3972
5466,0,1835
5467,0,1443
5468,0,3639
5469,0,4370
5470,0,2978
5471,0,3260
5472,0,2018
5473,0,4084
5474,0,2080
5475,0,3066
5476,0,2470
5477,0,1672
5478,0,230
5479,0,2431
5480,0,1257
5481,0,190
5482,0,933
5483,0,211
5484,0,774
5485,0,1262
5486,0,1126
5487,209,267
5488,0,1367
5489,0,1570
5490,0,261
5491,0,4468
5492,0,97
5493,0,664
5494,0,122
5495,0,373
5496,0,445
5497,0,3364
5498,0,469
5499,0,716
5500,0,1530
5501,0,916
5502,0,728
5503,0,96
5504,0,103
5505,0,1474
5506,0,618
5507,0,1168
5508,0,2550
5509,0,309
5510,0,1265
5511,0,712
5512,0,3087
5513,0,2052
5514,0,3262
5515,0,1726
5516,0,1078
5517,0,1789
5518,0,1247
5519,0,330
5520,0,526
5521,0,670
5522,0,48
5523,0,3278
5524,0,3523
5525,0,2651
5526,0,1269
5527,0,23
5528,0,3173
5529,0,1264
5530,0,311
5531,0,717
5532,0,625
5533,0,285
5534,0,407
5535,0,1008
5536,0,415
5537,0,462
5538,0,300
5539,0,684
5540,0,1472
5541,0,1223
5542,0,194
5543,0,1474
5544,0,847
5545,0,615
5546,0,772
5547,0,150
5548,0,1023
5549,0,3625
5550,0,1029
5551,0,35
5552,0,961
5553,0,430
5554,0,1000
5555,0,738
5556,0,1635
5557,0,866
5558,0,1414
5559,0,969
5560,0,909
5561,0,611
5562,0,1102
5563,0,101
5564,0,298
5565,0,1001
5566,0,343
5567,0,572
5568,0,1548
5569,0,1718
5570,0,1163
5571,0,1616
5572,0,1153
5573,0,1060
5574,323,38
5575,0,114
5576,0,415
5577,0,414
5578,0,130
5579,0,56
5580,0,137
5581,0,777
5582,0,796
5583,0,3073
5584,0,515
5585,0,966
5586,0,219
5587,0,836
5588,0,285
5589,0,894
5590,0,844
5591,0,215
5592,0,1732
5593,0,284
5594,0,1038
5595,0,2362
5596,0,1010
5597,0,682
5598,0,1554
5599,0,2059
5600,0,128
5601,0,677
5602,0,593
5603,0,588
5604,0,1042
5605,0,668
5606,0,415
5607,0,2065
5608,0,1514
5609,0,1066
5610,0,366
5611,0,279
5612,0,485
5613,0,636
5614,0,1312
5615,0,812
5616,0,951
5617,0,4608
5618,0,1901
5619,0,2398
5620,0,186
5621,0,1258
5622,0,1342
5623,0,1313
5624,0,1989
5625,0,777
5626,0,2489
5627,0,2177
5628,0,1178
5629,0,976
5630,0,2436
5631,0,1958
5632,0,554
5633,0,374
5634,0,410
5635,0,2330
5636,0,3251
5637,0,2017
5638,0,1828
5639,0,1803
5640,0,3297
5641,0,1049
5642,0,1647
5643,0,2734
5644,0,403
5645,0,1354
5646,0,1634
5647,0,2435
5648,0,1195
5649,0,2299
5650,0,2462
5651,0,2252
5652,0,1331
5653,0,334
5654,0,58
5655,0,1131
5656,0,884
5657,0,1497
5658,0,1536
5659,0,1728
5660,0,3486
5661,0,908
5662,0,2053
5663,0,3387
5664,0,1000
5665,0,2431
5666,0,3992
5667,0,3011
5668,0,2155
5669,0,2104
5670,0,3323
5671,0,1153
5672,0,2070
5673,0,1764
5674,0,1489
5675,0,4906
5676,0,3302
5677,0,2587
5678,0,5268
5679,0,2490
5680,0,1076
5681,0,952
5682,0,1310
5683,0,2825
5684,0,3235
5685,0,1234
5686,0,1178
5687,0,1147
5688,0,1577
5689,0,1745
5690,0,2520
5691,0,2381
5692,0,2733
5693,0,1313
5694,0,370
5695,0,3611
5696,0,712
5697,0,1439
5698,0,1471
5699,0,280
5700,0,795
5701,0,2182
5702,0,311
5703,0,540
5704,0,203
5705,0,759
5706,0,304
5707,0,230
5708,0,134
5709,0,114
5710,0,174
5711,0,426
5712,0,326
5713,0,319
5714,0,442
5715,0,1341
5716,0,1151
5717,0,435
5718,0,1115
5719,0,1822
5720,0,828
5721,0,468
5722,0,870
5723,0,2825
5724,0,1218
5725,0,2821
5726,0,521
5727,0,1368
5728,0,3537
5729,0,2165
5730,0,948
5731,0,927
5732,0,2625
5733,0,1726
5734,0,489
5735,0,731
5736,46,316
5737,0,670
5738,0,96
5739,0,304
5740,0,100
5741,0,173
5742,0,87
5743,0,121
5744,0,24
5745,0,170
5746,0,51
5747,0,23
5748,0,48
5749,0,129
5750,0,15
5751,0,36
5752,0,24
5753,0,89
5754,0,189
5755,0,92
5756,0,186
5757,0,455
5758,0,381
5759,0,269
5760,0,68
5761,0,83
5762,0,61
5763,0,50
5764,0,769
5765,0,171
5766,0,330
5767,1327,189
5768,239,129
5769,0,226
5770,0,62
5771,0,329
5772,0,146
5773,0,107
5774,0,62
5775,0,67
5776,0,3622
5777,0,1013
5778,0,2595
5779,0,479
5780,0,1709
5781,0,996
5782,0,994
5783,0,1718
5784,0,1025
5785,0,1187
5786,0,1426
5787,0,1104
5788,0,2515
5789,0,1597
5790,0,2270
5791,0,1738
5792,0,1348
5793,0,1311
5794,0,1864
5795,0,1593
5796,0,2513
5797,0,327
5798,0,111
5799,0,65
5800,0,214
5801,0,1122
5802,0,369
5803,0,913
5804,0,2170
5805,0,173
5806,0,923
5807,0,1117
5808,0,989
5809,0,85
5810,0,172
5811,12464,350
5812,0,67
5813,0,980
5814,0,200
5815,0,283
5816,0,309
5817,0,82
5818,0,214
5819,0,1558
5820,0,194
5821,0,348
5822,0,265
5823,0,584
5824,0,175
5825,0,280
5826,0,232
5827,0,478
5828,0,434
5829,0,915
5830,0,300
5831,0,1290
5832,0,2233
5833,0,5372
5834,0,530
5835,0,433
5836,0,222
5837,0,3798
5838,0,7340
5839,0,490
5840,0,1054
5841,0,299
5842,0,499
5843,0,529
5844,0,735
5845,0,125
5846,0,765
5847,0,370
5848,0,344
5849,0,237
5850,0,296
5851,0,1120
5852,0,1340
5853,0,695
5854,0,464
5855,0,1408
5856,0,1088
5857,0,525
5858,0,279
5859,0,234
5860,0,662
5861,0,408
5862,0,2383
5863,0,1236
5864,0,632
5865,0,1265
5866,0,1480
5867,0,1826
5868,0,992
5869,0,2495
5870,0,728
5871,0,270
5872,0,2645
5873,0,1715
5874,0,227
5875,0,1105
5876,0,1718
5877,0,2725
5878,0,1835
5879,0,243
5880,0,1080
5881,0,253
5882,0,152
5883,0,174
5884,0,145
5885,0,111
5886,0,230
5887,0,2078
5888,0,373
5889,0,1592
5890,0,704
5891,0,727
5892,0,3373
5893,0,1181
5894,0,6491
5895,0,2873
5896,0,4376
5897,0,974
5898,200,1491
5899,0,7226
5900,0,5146
5901,0,2172
5902,0,2139
5903,0,8498
5904,0,5297
5905,0,824
5906,0,203
5907,0,226
5908,0,147
5909,0,541
5910,0,697
5911,0,949
5912,0,1555
5913,0,5663
5914,0,1336
5915,0,2024
5916,0,4146
5917,0,3218
5918,0,7958
5919,0,6106
5920,0,10821
5921,0,5947
5922,0,18122
